epoch,step,test_acc:,test_loss:
0,0,0.6237712502479553,1.0605413913726807
